-- MySQL Script generated by MySQL Workbench
-- Mon Oct  4 17:14:37 2021
-- Model: New Model    Version: 1.0
-- MySQL Workbench Forward Engineering

SET @OLD_UNIQUE_CHECKS=@@UNIQUE_CHECKS, UNIQUE_CHECKS=0;
SET @OLD_FOREIGN_KEY_CHECKS=@@FOREIGN_KEY_CHECKS, FOREIGN_KEY_CHECKS=0;
SET @OLD_SQL_MODE=@@SQL_MODE, SQL_MODE='ONLY_FULL_GROUP_BY,STRICT_TRANS_TABLES,NO_ZERO_IN_DATE,NO_ZERO_DATE,ERROR_FOR_DIVISION_BY_ZERO,NO_ENGINE_SUBSTITUTION';

-- -----------------------------------------------------
-- Schema vjh19
-- -----------------------------------------------------
DROP SCHEMA IF EXISTS `vjh19` ;

-- -----------------------------------------------------
-- Schema vjh19
-- -----------------------------------------------------
CREATE SCHEMA IF NOT EXISTS `vjh19` DEFAULT CHARACTER SET utf8 COLLATE utf8_unicode_ci ;
SHOW WARNINGS;
USE `vjh19` ;

-- -----------------------------------------------------
-- Table `vjh19`.`petstore`
-- -----------------------------------------------------
DROP TABLE IF EXISTS `vjh19`.`petstore` ;

SHOW WARNINGS;
CREATE TABLE IF NOT EXISTS `vjh19`.`petstore` (
  `pst_id` SMALLINT UNSIGNED NOT NULL AUTO_INCREMENT,
  `pst_name` VARCHAR(30) NOT NULL,
  `pst_street` VARCHAR(30) NOT NULL,
  `pst_city` VARCHAR(30) NOT NULL,
  `pst_state` CHAR(2) NOT NULL,
  `pst_zip` CHAR(9) NOT NULL,
  `pst_phone` BIGINT UNSIGNED NOT NULL,
  `pst_email` VARCHAR(100) NOT NULL,
  `pst_url` VARCHAR(100) NOT NULL,
  `pst_ytd_sales` DECIMAL(10,2) NOT NULL,
  `pst_notes` VARCHAR(255) NULL,
  PRIMARY KEY (`pst_id`))
ENGINE = InnoDB;

SHOW WARNINGS;

-- -----------------------------------------------------
-- Table `vjh19`.`customer`
-- -----------------------------------------------------
DROP TABLE IF EXISTS `vjh19`.`customer` ;

SHOW WARNINGS;
CREATE TABLE IF NOT EXISTS `vjh19`.`customer` (
  `cus_id` SMALLINT UNSIGNED NOT NULL AUTO_INCREMENT,
  `cus_fname` VARCHAR(15) NOT NULL,
  `cus_lname` VARCHAR(30) NOT NULL,
  `cus_street` VARCHAR(30) NOT NULL,
  `cus_city` VARCHAR(30) NOT NULL,
  `cus_state` CHAR(2) NOT NULL,
  `cus_zip` CHAR(9) NOT NULL,
  `cus_phone` BIGINT UNSIGNED NOT NULL,
  `cus_email` VARCHAR(100) NOT NULL,
  `cus_balance` DECIMAL(8,2) NOT NULL,
  `cus_total_sales` DECIMAL(8,2) NOT NULL,
  `cus_notes` VARCHAR(255) NULL,
  PRIMARY KEY (`cus_id`))
ENGINE = InnoDB;

SHOW WARNINGS;

-- -----------------------------------------------------
-- Table `vjh19`.`pet`
-- -----------------------------------------------------
DROP TABLE IF EXISTS `vjh19`.`pet` ;

SHOW WARNINGS;
CREATE TABLE IF NOT EXISTS `vjh19`.`pet` (
  `pet_id` SMALLINT UNSIGNED NOT NULL AUTO_INCREMENT,
  `pst_id` SMALLINT UNSIGNED NOT NULL,
  `cus_id` SMALLINT UNSIGNED NULL,
  `pet_type` VARCHAR(45) NOT NULL,
  `pet_sex` ENUM('m', 'f') NOT NULL,
  `pet_cost` DECIMAL(6,2) UNSIGNED NOT NULL,
  `pet__price` DECIMAL(6,2) UNSIGNED NOT NULL,
  `pet_age` TINYINT UNSIGNED NOT NULL COMMENT 'age in months, divide by 12 for years.',
  `pet_color` VARCHAR(30) NOT NULL,
  `pet_sale_date` DATE NULL,
  `pet_vaccine` ENUM('y', 'n') NOT NULL,
  `pet_neuter` ENUM('y', 'n') NOT NULL,
  `pet_notes` VARCHAR(255) NULL,
  PRIMARY KEY (`pet_id`),
  INDEX `fk_pet_pestore_idx` (`pst_id` ASC) VISIBLE,
  INDEX `fk_pet_customer1_idx` (`cus_id` ASC) VISIBLE,
  CONSTRAINT `fk_pet_pestore`
    FOREIGN KEY (`pst_id`)
    REFERENCES `vjh19`.`petstore` (`pst_id`)
    ON DELETE CASCADE
    ON UPDATE CASCADE,
  CONSTRAINT `fk_pet_customer1`
    FOREIGN KEY (`cus_id`)
    REFERENCES `vjh19`.`customer` (`cus_id`)
    ON DELETE CASCADE
    ON UPDATE CASCADE)
ENGINE = InnoDB;

SHOW WARNINGS;

SET SQL_MODE=@OLD_SQL_MODE;
SET FOREIGN_KEY_CHECKS=@OLD_FOREIGN_KEY_CHECKS;
SET UNIQUE_CHECKS=@OLD_UNIQUE_CHECKS;

-- -----------------------------------------------------
-- Data for table `vjh19`.`petstore`
-- -----------------------------------------------------
START TRANSACTION;
USE `vjh19`;
INSERT INTO `vjh19`.`petstore` (`pst_id`, `pst_name`, `pst_street`, `pst_city`, `pst_state`, `pst_zip`, `pst_phone`, `pst_email`, `pst_url`, `pst_ytd_sales`, `pst_notes`) VALUES (1, 'Creepy Critters', '415 Chapel Dr.', 'Tallahassee', 'FL', '32304', 8507661325, 'creepycritters@gmail.com', 'www.creepycrawlers.com', 43000, NULL);
INSERT INTO `vjh19`.`petstore` (`pst_id`, `pst_name`, `pst_street`, `pst_city`, `pst_state`, `pst_zip`, `pst_phone`, `pst_email`, `pst_url`, `pst_ytd_sales`, `pst_notes`) VALUES (2, 'Paw Pals', '2402 Cypress Gardens Blvd.', 'Winter Haven', 'FL', '33884', 8633246801, 'pawpals@gmail.com', 'www.pawpals.com', 61000, NULL);
INSERT INTO `vjh19`.`petstore` (`pst_id`, `pst_name`, `pst_street`, `pst_city`, `pst_state`, `pst_zip`, `pst_phone`, `pst_email`, `pst_url`, `pst_ytd_sales`, `pst_notes`) VALUES (3, 'Pet World', '2833 Ridge Rd.', 'Greece', 'NY', '14626', 5853664646, 'petworld@gmail.com', 'www.petworld.com', 38000, NULL);
INSERT INTO `vjh19`.`petstore` (`pst_id`, `pst_name`, `pst_street`, `pst_city`, `pst_state`, `pst_zip`, `pst_phone`, `pst_email`, `pst_url`, `pst_ytd_sales`, `pst_notes`) VALUES (4, 'Pet Palace', '2870 Meridian Rd.', 'Tallahassee', 'FL', '32301', 8509827799, 'petpalace@gmail.com', 'www.petpalace.com', 70000, NULL);
INSERT INTO `vjh19`.`petstore` (`pst_id`, `pst_name`, `pst_street`, `pst_city`, `pst_state`, `pst_zip`, `pst_phone`, `pst_email`, `pst_url`, `pst_ytd_sales`, `pst_notes`) VALUES (5, 'Paws and Claws', '102 N Madison St.', 'Thomasville', 'GA', '31799', 2297889234, 'pawsandclaws@gmail.com', 'www.pawsandclaws.com', 64000, NULL);
INSERT INTO `vjh19`.`petstore` (`pst_id`, `pst_name`, `pst_street`, `pst_city`, `pst_state`, `pst_zip`, `pst_phone`, `pst_email`, `pst_url`, `pst_ytd_sales`, `pst_notes`) VALUES (6, 'Furry Friends', '312 Lorna Rd.', 'Hoover', 'AL', '35216', 2056623787, 'furyfriends@gmail.com', 'www.furyfriends.com', 40000, NULL);
INSERT INTO `vjh19`.`petstore` (`pst_id`, `pst_name`, `pst_street`, `pst_city`, `pst_state`, `pst_zip`, `pst_phone`, `pst_email`, `pst_url`, `pst_ytd_sales`, `pst_notes`) VALUES (7, 'Pet Place', '811 Chase Dr.', 'Chicago', 'IL', '60018', 7739843302, 'petplace@gmail.com', 'www.petplace.com', 32000, NULL);
INSERT INTO `vjh19`.`petstore` (`pst_id`, `pst_name`, `pst_street`, `pst_city`, `pst_state`, `pst_zip`, `pst_phone`, `pst_email`, `pst_url`, `pst_ytd_sales`, `pst_notes`) VALUES (8, 'Pet Mart', '725 Lois Lane', 'Phoenix', 'AZ', '85010', 6234459876, 'petmart@gmail.com', 'www.petmart.com', 27000, NULL);
INSERT INTO `vjh19`.`petstore` (`pst_id`, `pst_name`, `pst_street`, `pst_city`, `pst_state`, `pst_zip`, `pst_phone`, `pst_email`, `pst_url`, `pst_ytd_sales`, `pst_notes`) VALUES (9, 'Bark and Meow', '123 Main St.', 'L.A.', 'CA', '90072', 6613568902, 'barkandmeow@gmail.com', 'www.barkandmeow.com', 68000, NULL);
INSERT INTO `vjh19`.`petstore` (`pst_id`, `pst_name`, `pst_street`, `pst_city`, `pst_state`, `pst_zip`, `pst_phone`, `pst_email`, `pst_url`, `pst_ytd_sales`, `pst_notes`) VALUES (10, 'Pet Depot', '389 George St.', 'Fort Lauderdale', 'FL', '33304', 7546667223, 'petdepot@gmail.com', 'www.petdepot.com', 39000, NULL);

COMMIT;


-- -----------------------------------------------------
-- Data for table `vjh19`.`customer`
-- -----------------------------------------------------
START TRANSACTION;
USE `vjh19`;
INSERT INTO `vjh19`.`customer` (`cus_id`, `cus_fname`, `cus_lname`, `cus_street`, `cus_city`, `cus_state`, `cus_zip`, `cus_phone`, `cus_email`, `cus_balance`, `cus_total_sales`, `cus_notes`) VALUES (1, 'Jake', 'Herren', '154 Southgate Blvd', 'Margate', 'FL', '33068', 9547697769, 'jakesterh@yahoo.com', 0.00, 200.05, NULL);
INSERT INTO `vjh19`.`customer` (`cus_id`, `cus_fname`, `cus_lname`, `cus_street`, `cus_city`, `cus_state`, `cus_zip`, `cus_phone`, `cus_email`, `cus_balance`, `cus_total_sales`, `cus_notes`) VALUES (2, 'Lindsey', 'Richards', '366 Forest Glen Dr.', 'Hilton', 'NY', '14468', 5857667122, 'Lindyrich@gmail.com', 5.00, 125.56, NULL);
INSERT INTO `vjh19`.`customer` (`cus_id`, `cus_fname`, `cus_lname`, `cus_street`, `cus_city`, `cus_state`, `cus_zip`, `cus_phone`, `cus_email`, `cus_balance`, `cus_total_sales`, `cus_notes`) VALUES (3, 'Victoria', 'Hagen', '5344 Tewkesbury Trce', 'Tallahassee', 'FL', '32309', 8506142356, 'torihagen@gmail.com', 50.00, 724.47, NULL);
INSERT INTO `vjh19`.`customer` (`cus_id`, `cus_fname`, `cus_lname`, `cus_street`, `cus_city`, `cus_state`, `cus_zip`, `cus_phone`, `cus_email`, `cus_balance`, `cus_total_sales`, `cus_notes`) VALUES (4, 'Franklin', 'Monte', '2659 Berkshire Ln.', 'Winter Haven ', 'FL', '33884', 8636801324, 'fmonte1@gmail.com', 35.00, 395.20, NULL);
INSERT INTO `vjh19`.`customer` (`cus_id`, `cus_fname`, `cus_lname`, `cus_street`, `cus_city`, `cus_state`, `cus_zip`, `cus_phone`, `cus_email`, `cus_balance`, `cus_total_sales`, `cus_notes`) VALUES (5, 'Bryant', 'Dudek', '2614 W Tennessee St. ', 'Tallahassee', 'FL', '32304', 8509998554, 'bdudes@gmail.com', 100.00, 255.58, NULL);
INSERT INTO `vjh19`.`customer` (`cus_id`, `cus_fname`, `cus_lname`, `cus_street`, `cus_city`, `cus_state`, `cus_zip`, `cus_phone`, `cus_email`, `cus_balance`, `cus_total_sales`, `cus_notes`) VALUES (6, 'Britney', 'Spears', '678 Fame St.', 'L.A.', 'CA', '90072', 6618896632, 'iconicspears@gmail.com', 200.00, 670.35, NULL);
INSERT INTO `vjh19`.`customer` (`cus_id`, `cus_fname`, `cus_lname`, `cus_street`, `cus_city`, `cus_state`, `cus_zip`, `cus_phone`, `cus_email`, `cus_balance`, `cus_total_sales`, `cus_notes`) VALUES (7, 'Andrew', 'Gazinski', '3249 Dewey St.', 'Hoover', 'AL', '35216', 2051736223, 'andygaz@yahoo.com', 2.00, 85.03, NULL);
INSERT INTO `vjh19`.`customer` (`cus_id`, `cus_fname`, `cus_lname`, `cus_street`, `cus_city`, `cus_state`, `cus_zip`, `cus_phone`, `cus_email`, `cus_balance`, `cus_total_sales`, `cus_notes`) VALUES (8, 'Amanda', 'York', '336 Scorpion Rd.', 'Phoenix', 'AZ', '85010', 6234445567, 'mandyyork@gmail.com', 0.00, 120.00, NULL);
INSERT INTO `vjh19`.`customer` (`cus_id`, `cus_fname`, `cus_lname`, `cus_street`, `cus_city`, `cus_state`, `cus_zip`, `cus_phone`, `cus_email`, `cus_balance`, `cus_total_sales`, `cus_notes`) VALUES (9, 'Joseph', 'Grimes', '335 Harris St.', 'Chicago', 'IL', '60018', 7739982244, 'joeygrimes@yahoo.com', 5.00, 80.00, NULL);
INSERT INTO `vjh19`.`customer` (`cus_id`, `cus_fname`, `cus_lname`, `cus_street`, `cus_city`, `cus_state`, `cus_zip`, `cus_phone`, `cus_email`, `cus_balance`, `cus_total_sales`, `cus_notes`) VALUES (10, 'Jennifer', 'West', '245 Gordon Ave.', 'Thomasville', 'GA', '31799', 2294462236, 'westjen@gmail.com', 14.50, 130.24, NULL);

COMMIT;


-- -----------------------------------------------------
-- Data for table `vjh19`.`pet`
-- -----------------------------------------------------
START TRANSACTION;
USE `vjh19`;
INSERT INTO `vjh19`.`pet` (`pet_id`, `pst_id`, `cus_id`, `pet_type`, `pet_sex`, `pet_cost`, `pet__price`, `pet_age`, `pet_color`, `pet_sale_date`, `pet_vaccine`, `pet_neuter`, `pet_notes`) VALUES (1, 4, 3, 'German Shepherd', 'm', 150, 500, 22, 'black/brown', '2021-03-30', 'y', 'n', NULL);
INSERT INTO `vjh19`.`pet` (`pet_id`, `pst_id`, `cus_id`, `pet_type`, `pet_sex`, `pet_cost`, `pet__price`, `pet_age`, `pet_color`, `pet_sale_date`, `pet_vaccine`, `pet_neuter`, `pet_notes`) VALUES (2, 6, NULL, 'Rabbit', 'f', 10, 40, 5, 'white', NULL, 'n', 'n', NULL);
INSERT INTO `vjh19`.`pet` (`pet_id`, `pst_id`, `cus_id`, `pet_type`, `pet_sex`, `pet_cost`, `pet__price`, `pet_age`, `pet_color`, `pet_sale_date`, `pet_vaccine`, `pet_neuter`, `pet_notes`) VALUES (3, 3, 2, 'Guinea Pig', 'f', 8, 35, 8, 'brown/white', '2020-08-31', 'n', 'n', NULL);
INSERT INTO `vjh19`.`pet` (`pet_id`, `pst_id`, `cus_id`, `pet_type`, `pet_sex`, `pet_cost`, `pet__price`, `pet_age`, `pet_color`, `pet_sale_date`, `pet_vaccine`, `pet_neuter`, `pet_notes`) VALUES (4, 5, NULL, 'Yorkie', 'm', 100, 350, 37, 'black/brown', NULL, 'y', 'y', NULL);
INSERT INTO `vjh19`.`pet` (`pet_id`, `pst_id`, `cus_id`, `pet_type`, `pet_sex`, `pet_cost`, `pet__price`, `pet_age`, `pet_color`, `pet_sale_date`, `pet_vaccine`, `pet_neuter`, `pet_notes`) VALUES (5, 1, 5, 'Ball Python', 'm', 80, 130, 18, 'white', '2021-07-13', 'n', 'n', NULL);
INSERT INTO `vjh19`.`pet` (`pet_id`, `pst_id`, `cus_id`, `pet_type`, `pet_sex`, `pet_cost`, `pet__price`, `pet_age`, `pet_color`, `pet_sale_date`, `pet_vaccine`, `pet_neuter`, `pet_notes`) VALUES (6, 2, 4, 'Siamese', 'f', 100, 180, 13, 'brown/gray', '2021-11-12', 'y', 'y', NULL);
INSERT INTO `vjh19`.`pet` (`pet_id`, `pst_id`, `cus_id`, `pet_type`, `pet_sex`, `pet_cost`, `pet__price`, `pet_age`, `pet_color`, `pet_sale_date`, `pet_vaccine`, `pet_neuter`, `pet_notes`) VALUES (7, 8, NULL, 'French Bulldog', 'f', 150, 300, 10, 'black/white', NULL, 'y', 'y', NULL);
INSERT INTO `vjh19`.`pet` (`pet_id`, `pst_id`, `cus_id`, `pet_type`, `pet_sex`, `pet_cost`, `pet__price`, `pet_age`, `pet_color`, `pet_sale_date`, `pet_vaccine`, `pet_neuter`, `pet_notes`) VALUES (8, 10, 1, 'Ferret', 'm', 10, 40, 4, 'white', '2019-09-30', 'n', 'n', NULL);
INSERT INTO `vjh19`.`pet` (`pet_id`, `pst_id`, `cus_id`, `pet_type`, `pet_sex`, `pet_cost`, `pet__price`, `pet_age`, `pet_color`, `pet_sale_date`, `pet_vaccine`, `pet_neuter`, `pet_notes`) VALUES (9, 7, 9, 'Parakeet', 'm', 5, 20, 3, 'Green', '2020-07-21', 'n', 'n', NULL);
INSERT INTO `vjh19`.`pet` (`pet_id`, `pst_id`, `cus_id`, `pet_type`, `pet_sex`, `pet_cost`, `pet__price`, `pet_age`, `pet_color`, `pet_sale_date`, `pet_vaccine`, `pet_neuter`, `pet_notes`) VALUES (10, 9, 6, 'Persian', 'f', 110, 200, 16, 'Orange', '2021-02-04', 'y', 'y', NULL);

COMMIT;

